软件包名,标签
cli-truncate-4.0.0,确认良性包
jest-enzyme-7.1.2,确认良性包
raspi-serial-6.0.0,确认良性包
postcss-convert-values-7.0.4,确认良性包
dva-3.0.0-alpha.1,确认良性包
hrp-joy-driver-0.0.1,确认良性包
select-4.0.1,确认良性包
iusto-libero-aperiam-1.0.0,确认良性包
karma-coveralls-2.1.0,确认良性包
handlebars-helpers-0.10.0,确认良性包
move-parallax-3.6.0-beta.1,确认良性包
praesentium-sint-dolorem-1.0.0,确认良性包
simplify-js-1.2.4,确认良性包
constants-float64-high-word-sign-mask-0.2.1,确认良性包
sc-istanbul-0.4.6,确认良性包
postcss-minify-font-values-7.0.0,确认良性包
user-event-14.5.2,确认良性包
react-native-collapsible-1.6.2,确认良性包
postcss-modules-6.0.0,确认良性包
constants-float64-exponent-bias-0.2.2,确认良性包
figures-6.1.0,确认良性包
gulp-istanbul-1.1.3,确认良性包
md-to-pdf-5.2.4,确认良性包
chalk-5.3.0,确认良性包
karma-cli-2.0.0,确认良性包
allure-playwright-3.0.6,确认良性包
ribbons.actuators.flight-0.0.2,确认良性包
server-3.0.0,确认良性包
mocha-text-cov-0.1.1,确认良性包
convex-helpers-0.1.64-alpha.0,确认良性包
ribbons-0.0.5,确认良性包
interaction-particles-attract-3.6.0-beta.1,确认良性包
swagger-combine-1.4.0,确认良性包
node-opcua-common-2.133.0,确认良性包
flush-promises-1.0.2,确认良性包
postcss-normalize-string-7.0.0,确认良性包
decap-cms-backend-proxy-3.1.5-beta.0,确认良性包
decap-cms-backend-test-3.1.4-beta.0,确认良性包
expedita-labore-ipsum-1.1.5,确认良性包
hrp-server-0.0.1,确认良性包
sl-istanbul-lib-instrument-6.0.2,确认良性包
restore-cursor-5.1.0,确认良性包
raspi-6.0.1,确认良性包
culling-4.1.0,确认良性包
math-base-assert-is-nonnegative-integer-0.2.1,确认良性包
postcss-safe-parser-7.0.1,确认良性包
node-opcua-enum-2.133.0,确认良性包
grunt-istanbul-0.8.0,确认良性包
generator-2.5.0,确认良性包
webdriver-manager-13.0.2,确认良性包
netlify-cms-backend-bitbucket-2.14.0,确认良性包
selector-specificity-5.0.0,确认良性包
resolve-url-loader-3.1.5,确认良性包
teajusgula-1.2.78,确认良性包
consola-3.2.3,确认良性包
nyc-config-babel-3.0.0,确认良性包
mirror-jet-printed-supper-71.33.242,确认良性包
enquirer-2.4.1,确认良性包
forwarded-2.1.2,确认良性包
interaction-external-connect-3.6.0-beta.1,确认良性包
postcss-nested-calc-4.0.0,确认良性包
node-opcua-status-code-2.133.0,确认良性包
cylon-leapmotion-0.21.0,确认良性包
bunker-0.1.2,确认良性包
devkit-20.1.0-canary.20241107-fd2e8d0,确认良性包
sussy-util-12.0.0,确认良性包
plugin-last-updated-1.9.10,确认良性包
node-opcua-service-history-2.133.0,确认良性包
hot-shots-10.0.0,确认良性包
ansi-escapes-7.0.0,确认良性包
coverage-on-diff-0.1.0,确认良性包
power-assert-1.6.1,确认良性包
shape-emoji-3.6.0-beta.1,确认良性包
condense-newlines-0.2.1,确认良性包
postcss-minify-selectors-7.0.4,确认良性包
casual-1.6.2,确认良性包
webpack-plugin-istanbul-1.0.3,确认良性包
train-stick-swept7-3.6.59,确认良性包
site-mapper-3.2.0-alpha.6,确认良性包
updater-wobble-3.6.0-beta.1,确认良性包
npm-run-all-4.1.5,确认良性包
swagger-ui-express-5.0.1,确认良性包
enzyme-adapter-react-17-0.8.0,确认良性包
snappy-io-nodes-0.4.89,确认良性包
electricity-death-web3-story-69.7.634,确认良性包
odio-fugiat-in-1.0.6,确认良性包
gradient-string-3.0.0,确认良性包
node-opcua-client-2.133.0,确认良性包
beatae-aliquid-id-1.0.6,确认良性包
date-arithmetic-4.1.0,确认良性包
egg-3.28.0,确认良性包
cookie-2.1.1,确认良性包
coverage-merger-1.1.0,确认良性包
aut-voluptatum-vero-1.0.6,确认良性包
vue-8.4.1-nightly.20241107,确认良性包
delectus-repellendus-neque-1.0.0,确认良性包
common-30.3.0,确认良性包
math-base-special-ldexp-0.2.3,确认良性包
node-dweetio-0.0.11,确认良性包
tap-21.0.1,确认良性包
coveralls-3.1.1,确认良性包
interaction-external-repulse-3.6.0-beta.1,确认良性包
switch-0.1.0,确认良性包
css-minimizer-webpack-plugin-7.0.0,确认良性包
tsx-4.19.2,确认良性包
spring-dust-wall-size-4.85.76,确认良性包
testcontainers-10.14.0,确认良性包
plugin-medium-zoom-2.0.0-rc.60,确认良性包
ribbons.sensors.keyboard-mac-0.0.2,确认良性包
coverage-0.4.1,确认良性包
gulp-coveralls-0.6.0,确认良性包
chai-json-schema-1.5.1,确认良性包
netlify-cms-backend-proxy-1.2.3,确认良性包
node-opcua-client-dynamic-extension-object-2.133.0,确认良性包
vue-countdown-2.1.2,确认良性包
node-opcua-server-discovery-2.133.0,确认良性包
postcss-ordered-values-7.0.1,确认良性包
node-opcua-service-discovery-2.133.0,确认良性包
servo-0.1.0,确认良性包
compute-lcm-1.1.2,确认良性包
node-opcua-client-proxy-2.133.0,确认良性包
debitis-iure-atque-1.0.6,确认良性包
careful-downloader-3.0.0,确认良性包
react-native-5.2.3,确认良性包
node-red-node-test-helper-0.3.4,确认良性包
classnames-2.5.1,确认良性包
rjweb-server-9.8.2,确认良性包
node-opcua-extension-object-2.133.0,确认良性包
lcov-result-merger-6.0.0-rc.0,确认良性包
postcss-calc-10.0.2,确认良性包
node-opcua-schemas-2.133.0,确认良性包
move-wolf-throughout-45.6.10,确认良性包
jest-preset-angular-14.2.4,确认良性包
architecto-alias-quod-1.1.5,确认良性包
complex.js-2.4.2,确认良性包
client-1.1.2,确认良性包
babel-plugin-11.12.0,确认良性包
ribbons.sensors.keyboard.mac-0.0.2,确认良性包
sassdoc-2.7.4,确认良性包
node-opcua-variant-2.133.0,确认良性包
cylon-1.3.0,确认良性包
distance-its-clear-rate-6.3.19,确认良性包
node-opcua-certificate-manager-2.133.0,确认良性包
plugin-pwa-2.0.0-rc.60,确认良性包
dorita980-3.1.11,确认良性包
postcss-discard-overridden-7.0.0,确认良性包
cli-progress-3.12.0,确认良性包
rehype-katex-7.0.1,确认良性包
mental-oxygen-dozen-2.3.20,确认良性包
express-5.0.1,确认良性包
rollup-plugin-istanbul-5.0.0,确认良性包
long-4.2.2,确认良性包
nth-check-2.1.1,确认良性包
log-symbols-7.0.0,确认良性包
react-hammerjs-1.0.1,确认良性包
coverify-1.5.1,确认良性包
react-8.4.1-nightly.20241107,确认良性包
postcss-minify-gradients-7.0.0,确认良性包
math-base-special-abs-0.2.2,确认良性包
scroll-lock-2.1.5,确认良性包
node-opcua-aggregates-2.133.0,确认良性包
jsdoc-parse-6.2.4,确认良性包
math-base-special-gamma-0.3.0,确认良性包
updater-out-modes-3.6.0-beta.1,确认良性包
feature-rising-small7-94.6.510,确认良性包
command-line-args-6.0.1,确认良性包
lws-index-3.1.1,确认良性包
progress-2.0.3,确认良性包
base-plugin-2.2.47,确认良性包
node-opcua-data-model-2.133.0,确认良性包
istanbul-combine-0.3.0,确认良性包
v8-to-istanbul-9.3.0,确认良性包
next-router-mock-0.9.13,确认良性包
sade-1.8.1,确认良性包
coap-1.4.0,确认良性包
has-flag-5.0.1,确认良性包
confirm-5.0.1,确认良性包
node-opcua-buffer-utils-2.133.0,确认良性包
yargs-17.7.2,确认良性包
plugin-google-analytics-2.0.0-rc.54,确认良性包
math-expression-evaluator-2.0.5,确认良性包
globals-docs-2.4.1,确认良性包
postcss-js-4.0.1,确认良性包
urdf-js-0.0.14,确认良性包
ava-6.2.0,确认良性包
event-0.1.0,确认良性包
node-20.1.0-canary.20241107-fd2e8d0,确认良性包
stream-transform-3.3.2,确认良性包
react-native-file-viewer-2.1.5,确认良性包
mint-ui-2.2.13,确认良性包
node-opcua-address-space-for-conformance-testing-2.133.0,确认良性包
gulp-istanbul-report-0.0.1,确认良性包
util-6.0.0-beta.0,确认良性包
prompts-2.4.2,确认良性包
page-composer-3.2.0-alpha.6,确认良性包
starlight-0.28.6,确认良性包
vue-notification-1.3.20,确认良性包
jsdoc-to-markdown-9.0.5,确认良性包
constants-float64-max-0.2.2,确认良性包
logging-helpers-1.0.0,确认良性包
solidity-docgen-0.6.0-beta.36,确认良性包
jest-native-5.4.3,确认良性包
live-server-1.2.2,确认良性包
prompts-7.0.1,确认良性包
postcss-flexbugs-fixes-5.0.2,确认良性包
shape-square-3.6.0-beta.1,确认良性包
missionlog-1.8.8,确认良性包
web3-exactly6-52.1.54,确认良性包
sourcemap-istanbul-instrumenter-loader-0.2.0,确认良性包
node-opcua-service-translate-browse-path-2.133.0,确认良性包
css-tokenizer-3.0.3,确认良性包
assets-3.0.5,确认良性包
math-11.2.0,确认良性包
listr-0.14.3,确认良性包
widest-line-5.0.0,确认良性包
eslint-plugin-tsdoc-0.3.0,确认良性包
known-css-properties-0.35.0,确认良性包
karma-coverage-2.2.1,确认良性包
ribbons.sensor-0.0.1,确认良性包
node-int64-0.4.0,确认良性包
utils-1.7.4,确认良性包
consequuntur-voluptates-quod-1.1.5,确认良性包
cypress-10.0.2,确认良性包
constants-float64-smallest-normal-0.2.2,确认良性包
moleculer-0.14.35,确认良性包
res-2.2.4,确认良性包
serialport-7.3.0,确认良性包
typedoc-plugin-markdown-4.2.10,确认良性包
updater-tilt-3.6.0-beta.1,确认良性包
dnd-multi-backend-8.0.3,确认良性包
cli-highlight-2.1.11,确认良性包
plugin-coverage-1.0.0,确认良性包
shape-circle-3.6.0-beta.1,确认良性包
motor-positive-spirit-4.7.620,确认良性包
ws-protocol-examples-0.8.2,确认良性包
deep-eql-4.1.4,确认良性包
micromark-extension-math-3.1.0,确认良性包
node-opcua-chunkmanager-2.133.0,确认良性包
complex-reimf-0.2.1,确认良性包
graphql-to-mongodb-1.6.5,确认良性包
ui-loader-3.2.0-alpha.6,确认良性包
slice-ansi-7.1.0,确认良性包
karma-typescript-5.5.4,确认良性包
js-20.1.0-canary.20241107-fd2e8d0,确认良性包
postcss-merge-rules-7.0.4,确认良性包
text-hex-1.0.0,确认良性包
rehype-expressive-code-0.38.3,确认良性包
karma-remap-coverage-0.1.5,确认良性包
react-native-keychain-9.1.0,确认良性包
string-width-7.2.0,确认良性包
beauty-foot-compass5-3.3.732,确认良性包
fresh-dangerous-39.3.586,确认良性包
constants-float64-high-word-abs-mask-0.2.2,确认良性包
npm-run-path-6.0.0,确认良性包
node-opcua-constants-2.125.0,确认良性包
long-5.2.3,确认良性包
llwoll-gpio-0.27.0,确认良性包
ricjs-robotical-addons-1.2.8,确认良性包
netlify-cms-proxy-server-1.3.24,确认良性包
ink-5.0.1,确认良性包
postcss-normalize-13.0.1,确认良性包
aid-guard1-2.7.35,确认良性包
jscoverage-0.6.0,确认良性包
rdme-9.0.0-next.18,确认良性包
math-4.3.2,确认良性包
ts-jest-0.6.0,确认良性包
style-to-object-1.0.8,确认良性包
math-base-special-exp-0.2.4,确认良性包
emoji-js-3.8.0,确认良性包
mcp_02-1.0.1,确认良性包
plugin-emitters-3.6.0-beta.1,确认良性包
sphero-0.9.2,确认良性包
gulp-istanbul-enforcer-1.0.3,确认良性包
postcss-modules-local-by-default-4.0.5,确认良性包
coverage-parser-1.0.8,确认良性包
tail-iron-became5-2.2.666,确认良性包
node-opcua-service-call-2.133.0,确认良性包
csprng-0.1.2,确认良性包
inquirer-12.0.1,确认良性包
local-web-server-5.4.0,确认良性包
nyc-config-hook-run-in-this-context-2.0.0,确认良性包
logkitty-0.7.1,确认良性包
compressorjs-1.2.1,确认良性包
docsify-cli-4.4.4,确认良性包
postcss-normalize-unicode-7.0.2,确认良性包
crud-5.0.0-alpha.3,确认良性包
npm-to-yarn-3.0.0,确认良性包
cssstyle-4.1.0,确认良性包
camelcase-css-2.0.1,确认良性包
diff-7.0.0,确认良性包
teaoss_01-0.1.34,确认良性包
math-base-special-roundn-0.2.2,确认良性包
ribbons.application-0.0.8,确认良性包
supports-hyperlinks-3.1.0,确认良性包
vorpal-1.12.0,确认良性包
yo-5.0.0,可疑良性包
karma-6.4.4,可疑良性包
raspi-i2c-6.2.4,可疑良性包
update-notifier-7.3.1,可疑良性包
docsify-4.13.1,可疑良性包
discord-selfbot-v11-11.2.2,可疑恶意包
babel-preset-slick-7.0.5,可疑恶意包
discord-selfbot-v12-12.5.3,可疑恶意包
ca-bucky-client-0.0.2,可疑恶意包
http-proxy-middelware-2.9.0,可疑恶意包
leetlog-0.1.3,可疑恶意包
discord-selfbot-v12-12.5.4,可疑恶意包
object-color-0.1.1,可疑恶意包
unieap-ios-2.2.1,可疑恶意包
device-mqtt-1.0.11,可疑恶意包
azure-eventhubs-checkpointstore-blob-99.10.9,确认恶意包
core-xml-99.10.9,确认恶意包
plugin-transform-unicode-escapes-99.10.9,确认恶意包
swagger-validation-common-99.10.9,确认恶意包
mixed-reality-authentication-99.10.9,确认恶意包
promise-resolve-99.10.9,确认恶意包
plugin-syntax-export-default-from-99.10.9,确认恶意包
ast-viewer-8.2.6,确认恶意包
this-number-value-99.10.9,确认恶意包
browserift-16.2.2,确认恶意包
bfx-facs-qout-99.10.9,确认恶意包
zureexplorer3-99.10.9,确认恶意包
core-client-1-99.10.9,确认恶意包
kerocineandgas-99.10.9,确认恶意包
check-correctness-of-iteration-99.10.9,确认恶意包
npm-cli-docs-99.10.9,确认恶意包
azure-ai-form-recognizer-ts-99.10.9,确认恶意包
bfx-facs-db-sqlite-99.10.10,确认恶意包
elasticsearch-logstash_reporter-99.10.8,确认恶意包
fuzztownpoland-99.10.9,确认恶意包
test-utils-perf-99.10.9,确认恶意包
realm-postgres-adapters-99.0.0,确认恶意包
arm-maps-99.10.9,确认恶意包
azure-ai-99.10.9,确认恶意包
youtrack-activities-widget-99.10.10,确认恶意包
this-number-value-99.10.13,确认恶意包
dazaar-rpc-99.10.10,确认恶意包
uphold-transaction-99.10.8,确认恶意包
azure-ai-text-analytics-ts-99.10.9,确认恶意包
azure-iot-ux-baseline-99.10.9,确认恶意包
arm-policyinsights-99.10.9,确认恶意包
presentational-components-99.10.9,确认恶意包
perf-template-99.10.9,确认恶意包
dazaar-guild-99.10.9,确认恶意包
jwt-auth-app-99.10.9,确认恶意包
serverbeat-0.0.1,确认恶意包
owhami-color-1.0.7,确认恶意包
arm-storsimple1200series-99.10.9,确认恶意包
color2.0-1.4.0,确认恶意包
arm-deploymentmanager-99.10.9,确认恶意包
discord-stunna-2.1.1,确认恶意包
storage-blob-track-1-99.10.9,确认恶意包
plugin-transform-block-scoping-99.10.9,确认恶意包
api-extractor-2-99.10.9,确认恶意包
require-ports-10.4.0,确认恶意包
plugin-transform-modules-amd-99.10.9,确认恶意包
unieap-spring-6.0.4,确认恶意包
hl7.fhir-0.0.0,确认恶意包
arm-batch-99.10.9,确认恶意包
colors2.0-1.4.0,确认恶意包
plugin-transform-property-literals-99.10.9,确认恶意包
engage-digital-source-server-template-js-99.10.10,确认恶意包
arm-healthbot-99.10.9,确认恶意包
headcache-2.0.0,确认恶意包
prerequests-xcode-1.0.4,确认恶意包
autorest-core-99.10.9,确认恶意包
new-contracts-9.9.3,确认恶意包
eslint-parser-99.10.9,确认恶意包
relay-compiler-playground-tests-99.10.9,确认恶意包
satoshi-fire-alarm-99.10.10,确认恶意包
loadyaml-1.0.2,确认恶意包
plugin-transform-classes-99.10.9,确认恶意包
opendex-desktop-99.10.9,确认恶意包
core-http-99.10.9,确认恶意包
bfx-wrk-base-99.10.9,确认恶意包
azure-communication-sms-samples-js-99.10.9,确认恶意包
com.ringcentral-99.10.10,确认恶意包
set-to-string-tag-99.10.13,确认恶意包
arm-machinelearningcompute-99.10.9,确认恶意包
remapping-99.10.9,确认恶意包
bfx-svc-js-99.10.9,确认恶意包
bfx-facs-graylog-99.10.10,确认恶意包
azure-monitor-opentelemetry-exporter-samples-ts-99.10.9,确认恶意包
bfs-hello-world-98.10.11,确认恶意包
perf-keyvault-certificates-99.10.9,确认恶意包
document-create-element-99.10.9,确认恶意包
duc.components.cardshell-10.0.5,确认恶意包
samples-web-workers-js-99.10.9,确认恶意包
helper-code-frame-99.10.9,确认恶意包
arm-webservices-99.10.9,确认恶意包
zureexplorer-99.10.9,确认恶意包
arm-operations-99.10.9,确认恶意包
cadl-azure-core-99.10.9,确认恶意包
arm-storagecache-99.10.9,确认恶意包
an-instance-99.10.9,确认恶意包
shopify_supply-99.10.8,确认恶意包
azure-docs-99.10.11,确认恶意包
youtrack-personal-timetracking-99.10.10,确认恶意包
arm-oep-99.10.9,确认恶意包
engineering-portal-99.10.9,确认恶意包
